machine_id,valeur,timestamp,type_capteur
pipe-101,164.0,2025-05-18 21:41:07+00:00,temperature
pipe-101,162.0,2025-05-18 21:41:09+00:00,temperature
pipe-101,160.0,2025-05-18 21:41:11+00:00,temperature
pipe-101,158.0,2025-05-18 21:41:13+00:00,temperature
pipe-101,156.0,2025-05-18 21:41:15+00:00,temperature
pipe-101,154.0,2025-05-18 21:41:17+00:00,temperature
pipe-101,152.0,2025-05-18 21:41:19+00:00,temperature
pipe-101,150.0,2025-05-18 21:41:21+00:00,temperature
pipe-101,148.0,2025-05-18 21:41:23+00:00,temperature
pipe-101,146.0,2025-05-18 21:41:25+00:00,temperature
pipe-101,144.0,2025-05-18 21:41:27+00:00,temperature
pipe-101,142.0,2025-05-18 21:41:29+00:00,temperature
pipe-101,140.0,2025-05-18 21:41:31+00:00,temperature
pipe-101,138.0,2025-05-18 21:41:33+00:00,temperature
pipe-101,136.0,2025-05-18 21:41:35+00:00,temperature
pipe-101,134.0,2025-05-18 21:41:37+00:00,temperature
pipe-101,132.0,2025-05-18 21:41:39+00:00,temperature
pipe-101,130.0,2025-05-18 21:41:41+00:00,temperature
pipe-101,128.0,2025-05-18 21:41:43+00:00,temperature
pipe-101,126.0,2025-05-18 21:41:45+00:00,temperature
pipe-101,124.0,2025-05-18 21:41:47+00:00,temperature
pipe-101,122.0,2025-05-18 21:41:49+00:00,temperature
pipe-101,120.0,2025-05-18 21:41:51+00:00,temperature
pipe-101,118.0,2025-05-18 21:41:53+00:00,temperature
pipe-101,116.0,2025-05-18 21:41:55+00:00,temperature
pipe-101,114.0,2025-05-18 21:41:57+00:00,temperature
pipe-101,112.0,2025-05-18 21:42:00+00:00,temperature
pipe-101,110.0,2025-05-18 21:42:02+00:00,temperature
pipe-101,108.0,2025-05-18 21:42:04+00:00,temperature
pipe-101,106.0,2025-05-18 21:42:06+00:00,temperature
pipe-101,104.0,2025-05-18 21:42:08+00:00,temperature
pipe-101,102.0,2025-05-18 21:42:10+00:00,temperature
pipe-101,100.0,2025-05-18 21:42:12+00:00,temperature
pipe-101,102.0,2025-05-18 21:42:14+00:00,temperature
pipe-101,104.0,2025-05-18 21:42:16+00:00,temperature
pipe-101,106.0,2025-05-18 21:42:18+00:00,temperature
pipe-101,108.0,2025-05-18 21:42:20+00:00,temperature
pipe-101,110.0,2025-05-18 21:42:22+00:00,temperature
pipe-101,112.0,2025-05-18 21:42:24+00:00,temperature
pipe-101,114.0,2025-05-18 21:42:26+00:00,temperature
pipe-101,116.0,2025-05-18 21:42:28+00:00,temperature
pipe-101,118.0,2025-05-18 21:42:30+00:00,temperature
pipe-101,120.0,2025-05-18 21:42:32+00:00,temperature
pipe-101,122.0,2025-05-18 21:42:34+00:00,temperature
pipe-101,124.0,2025-05-18 21:42:36+00:00,temperature
pipe-101,126.0,2025-05-18 21:42:38+00:00,temperature
pipe-101,128.0,2025-05-18 21:42:40+00:00,temperature
pipe-101,130.0,2025-05-18 21:42:42+00:00,temperature
pipe-101,132.0,2025-05-18 21:42:44+00:00,temperature
pipe-101,134.0,2025-05-18 21:42:46+00:00,temperature
pipe-101,136.0,2025-05-18 21:42:48+00:00,temperature
pipe-101,138.0,2025-05-18 21:42:50+00:00,temperature
pipe-101,140.0,2025-05-18 21:42:52+00:00,temperature
pipe-101,142.0,2025-05-18 21:42:54+00:00,temperature
pipe-101,144.0,2025-05-18 21:42:56+00:00,temperature
pipe-101,146.0,2025-05-18 21:42:58+00:00,temperature
pipe-101,148.0,2025-05-18 21:43:00+00:00,temperature
pipe-101,150.0,2025-05-18 21:43:02+00:00,temperature
pipe-101,152.0,2025-05-18 21:43:04+00:00,temperature
pipe-101,154.0,2025-05-18 21:43:06+00:00,temperature
pipe-101,156.0,2025-05-18 21:43:08+00:00,temperature
pipe-101,158.0,2025-05-18 21:43:10+00:00,temperature
pipe-101,160.0,2025-05-18 21:43:12+00:00,temperature
pipe-101,162.0,2025-05-18 21:43:14+00:00,temperature
pipe-101,164.0,2025-05-18 21:43:16+00:00,temperature
pipe-101,166.0,2025-05-18 21:43:18+00:00,temperature
pipe-101,168.0,2025-05-18 21:43:20+00:00,temperature
pipe-101,170.0,2025-05-18 21:43:22+00:00,temperature
pipe-101,168.0,2025-05-18 21:43:24+00:00,temperature
pipe-101,166.0,2025-05-18 21:43:26+00:00,temperature
pipe-101,164.0,2025-05-18 21:43:28+00:00,temperature
pipe-101,162.0,2025-05-18 21:43:30+00:00,temperature
pipe-101,160.0,2025-05-18 21:43:32+00:00,temperature
pipe-101,158.0,2025-05-18 21:43:34+00:00,temperature
pipe-101,156.0,2025-05-18 21:43:36+00:00,temperature
pipe-101,154.0,2025-05-18 21:43:38+00:00,temperature
pipe-101,152.0,2025-05-18 21:43:40+00:00,temperature
pipe-101,150.0,2025-05-18 21:43:42+00:00,temperature
pipe-101,148.0,2025-05-18 21:43:44+00:00,temperature
pipe-101,146.0,2025-05-18 21:43:46+00:00,temperature
pipe-101,144.0,2025-05-18 21:43:48+00:00,temperature
pipe-101,142.0,2025-05-18 21:43:50+00:00,temperature
pipe-101,140.0,2025-05-18 21:43:52+00:00,temperature
pipe-101,138.0,2025-05-18 21:43:54+00:00,temperature
pipe-101,136.0,2025-05-18 21:43:56+00:00,temperature
pipe-101,134.0,2025-05-18 21:43:58+00:00,temperature
pipe-101,132.0,2025-05-18 21:44:00+00:00,temperature
pipe-101,130.0,2025-05-18 21:44:02+00:00,temperature
pipe-101,128.0,2025-05-18 21:44:04+00:00,temperature
pipe-101,126.0,2025-05-18 21:44:06+00:00,temperature
pipe-101,124.0,2025-05-18 21:44:08+00:00,temperature
pipe-101,122.0,2025-05-18 21:44:10+00:00,temperature
pipe-101,120.0,2025-05-18 21:44:12+00:00,temperature
pipe-101,118.0,2025-05-18 21:44:14+00:00,temperature
pipe-101,116.0,2025-05-18 21:44:16+00:00,temperature
pipe-101,114.0,2025-05-18 21:44:18+00:00,temperature
pipe-101,112.0,2025-05-18 21:44:20+00:00,temperature
pipe-101,110.0,2025-05-18 21:44:22+00:00,temperature
pipe-101,108.0,2025-05-18 21:44:24+00:00,temperature
pipe-101,106.0,2025-05-18 21:44:26+00:00,temperature
pipe-101,104.0,2025-05-18 21:44:28+00:00,temperature
pipe-101,102.0,2025-05-18 21:44:30+00:00,temperature
pipe-101,100.0,2025-05-18 21:44:32+00:00,temperature
pipe-101,102.0,2025-05-18 21:44:34+00:00,temperature
pipe-101,104.0,2025-05-18 21:44:36+00:00,temperature
pipe-101,106.0,2025-05-18 21:44:38+00:00,temperature
pipe-101,108.0,2025-05-18 21:44:40+00:00,temperature
pipe-101,110.0,2025-05-18 21:44:42+00:00,temperature
pipe-101,112.0,2025-05-18 21:44:44+00:00,temperature
pipe-101,114.0,2025-05-18 21:44:46+00:00,temperature
pipe-101,116.0,2025-05-18 21:44:48+00:00,temperature
pipe-101,118.0,2025-05-18 21:44:50+00:00,temperature
pipe-101,120.0,2025-05-18 21:44:52+00:00,temperature
pipe-101,122.0,2025-05-18 21:44:54+00:00,temperature
pipe-101,124.0,2025-05-18 21:44:56+00:00,temperature
pipe-101,126.0,2025-05-18 21:44:58+00:00,temperature
pipe-101,128.0,2025-05-18 21:45:00+00:00,temperature
pipe-101,130.0,2025-05-18 21:45:02+00:00,temperature
pipe-101,132.0,2025-05-18 21:45:04+00:00,temperature
pipe-101,134.0,2025-05-18 21:45:06+00:00,temperature
pipe-101,136.0,2025-05-18 21:45:08+00:00,temperature
pipe-101,138.0,2025-05-18 21:45:10+00:00,temperature
pipe-101,140.0,2025-05-18 21:45:12+00:00,temperature
pipe-101,142.0,2025-05-18 21:45:14+00:00,temperature
pipe-101,144.0,2025-05-18 21:45:16+00:00,temperature
pipe-101,146.0,2025-05-18 21:45:18+00:00,temperature
pipe-101,148.0,2025-05-18 21:45:20+00:00,temperature
pipe-101,150.0,2025-05-18 21:45:22+00:00,temperature
pipe-101,152.0,2025-05-18 21:45:24+00:00,temperature
pipe-101,154.0,2025-05-18 21:45:26+00:00,temperature
pipe-101,156.0,2025-05-18 21:45:28+00:00,temperature
pipe-101,158.0,2025-05-18 21:45:30+00:00,temperature
pipe-101,160.0,2025-05-18 21:45:32+00:00,temperature
pipe-101,162.0,2025-05-18 21:45:34+00:00,temperature
pipe-101,164.0,2025-05-18 21:45:36+00:00,temperature
pipe-101,166.0,2025-05-18 21:45:38+00:00,temperature
pipe-101,168.0,2025-05-18 21:45:40+00:00,temperature
pipe-101,170.0,2025-05-18 21:45:42+00:00,temperature
pipe-101,168.0,2025-05-18 21:45:44+00:00,temperature
pipe-101,166.0,2025-05-18 21:45:46+00:00,temperature
pipe-101,164.0,2025-05-18 21:45:48+00:00,temperature
pipe-101,162.0,2025-05-18 21:45:50+00:00,temperature
pipe-101,160.0,2025-05-18 21:45:52+00:00,temperature
pipe-101,158.0,2025-05-18 21:45:54+00:00,temperature
pipe-101,156.0,2025-05-18 21:45:56+00:00,temperature
pipe-101,154.0,2025-05-18 21:45:58+00:00,temperature
pipe-101,152.0,2025-05-18 21:46:00+00:00,temperature
pipe-101,150.0,2025-05-18 21:46:02+00:00,temperature
pipe-101,148.0,2025-05-18 21:46:04+00:00,temperature
pipe-101,146.0,2025-05-18 21:46:06+00:00,temperature
pipe-101,144.0,2025-05-18 21:46:08+00:00,temperature
pipe-101,142.0,2025-05-18 21:46:10+00:00,temperature
pipe-101,140.0,2025-05-18 21:46:12+00:00,temperature
pipe-101,138.0,2025-05-18 21:46:14+00:00,temperature
pipe-101,136.0,2025-05-18 21:46:16+00:00,temperature
pipe-101,134.0,2025-05-18 21:46:18+00:00,temperature
pipe-101,132.0,2025-05-18 21:46:20+00:00,temperature
pipe-101,130.0,2025-05-18 21:46:22+00:00,temperature
pipe-101,128.0,2025-05-18 21:46:24+00:00,temperature
pipe-101,126.0,2025-05-18 21:46:26+00:00,temperature
pipe-101,124.0,2025-05-18 21:46:28+00:00,temperature
pipe-101,122.0,2025-05-18 21:46:30+00:00,temperature
pipe-101,120.0,2025-05-18 21:46:32+00:00,temperature
pipe-101,118.0,2025-05-18 21:46:34+00:00,temperature
pipe-101,116.0,2025-05-18 21:46:36+00:00,temperature
pipe-101,114.0,2025-05-18 21:46:38+00:00,temperature
pipe-101,112.0,2025-05-18 21:46:40+00:00,temperature
pipe-101,110.0,2025-05-18 21:46:42+00:00,temperature
pipe-101,108.0,2025-05-18 21:46:44+00:00,temperature
pipe-101,106.0,2025-05-18 21:46:46+00:00,temperature
pipe-101,104.0,2025-05-18 21:46:48+00:00,temperature
pipe-101,102.0,2025-05-18 21:46:50+00:00,temperature
pipe-101,100.0,2025-05-18 21:46:52+00:00,temperature
pipe-101,102.0,2025-05-18 21:46:54+00:00,temperature
pipe-101,104.0,2025-05-18 21:46:56+00:00,temperature
pipe-101,106.0,2025-05-18 21:46:58+00:00,temperature
pipe-101,108.0,2025-05-18 21:47:00+00:00,temperature
pipe-101,110.0,2025-05-18 21:47:02+00:00,temperature
pipe-101,112.0,2025-05-18 21:47:04+00:00,temperature
pipe-101,114.0,2025-05-18 21:47:06+00:00,temperature
pipe-101,116.0,2025-05-18 21:47:08+00:00,temperature
pipe-101,118.0,2025-05-18 21:47:10+00:00,temperature
pipe-101,120.0,2025-05-18 21:47:12+00:00,temperature
pipe-101,122.0,2025-05-18 21:47:14+00:00,temperature
pipe-101,124.0,2025-05-18 21:47:16+00:00,temperature
pipe-101,126.0,2025-05-18 21:47:18+00:00,temperature
pipe-101,128.0,2025-05-18 21:47:20+00:00,temperature
pipe-101,130.0,2025-05-18 21:47:22+00:00,temperature
pipe-101,132.0,2025-05-18 21:47:24+00:00,temperature
pipe-101,134.0,2025-05-18 21:47:26+00:00,temperature
pipe-101,136.0,2025-05-18 21:47:28+00:00,temperature
pipe-101,138.0,2025-05-18 21:47:30+00:00,temperature
pipe-101,140.0,2025-05-18 21:47:32+00:00,temperature
pipe-101,142.0,2025-05-18 21:47:34+00:00,temperature
pipe-101,144.0,2025-05-18 21:47:37+00:00,temperature
pipe-101,146.0,2025-05-18 21:47:39+00:00,temperature
pipe-101,148.0,2025-05-18 21:47:41+00:00,temperature
pipe-101,150.0,2025-05-18 21:47:43+00:00,temperature
pipe-101,152.0,2025-05-18 21:47:45+00:00,temperature
pipe-101,154.0,2025-05-18 21:47:47+00:00,temperature
pipe-101,156.0,2025-05-18 21:47:49+00:00,temperature
pipe-101,158.0,2025-05-18 21:47:51+00:00,temperature
pipe-101,160.0,2025-05-18 21:47:53+00:00,temperature
pipe-101,162.0,2025-05-18 21:47:55+00:00,temperature
pipe-101,164.0,2025-05-18 21:47:57+00:00,temperature
pipe-101,166.0,2025-05-18 21:47:59+00:00,temperature
pipe-101,168.0,2025-05-18 21:48:01+00:00,temperature
pipe-101,170.0,2025-05-18 21:48:03+00:00,temperature
pipe-101,168.0,2025-05-18 21:48:05+00:00,temperature
pipe-101,166.0,2025-05-18 21:48:07+00:00,temperature
pipe-101,164.0,2025-05-18 21:48:09+00:00,temperature
pipe-101,162.0,2025-05-18 21:48:11+00:00,temperature
pipe-101,160.0,2025-05-18 21:48:13+00:00,temperature
pipe-101,158.0,2025-05-18 21:48:15+00:00,temperature
pipe-101,156.0,2025-05-18 21:48:17+00:00,temperature
pipe-101,154.0,2025-05-18 21:48:19+00:00,temperature
pipe-101,152.0,2025-05-18 21:48:21+00:00,temperature
pipe-101,150.0,2025-05-18 21:48:23+00:00,temperature
pipe-101,148.0,2025-05-18 21:48:25+00:00,temperature
pipe-101,146.0,2025-05-18 21:48:27+00:00,temperature
pipe-101,144.0,2025-05-18 21:48:29+00:00,temperature
pipe-101,142.0,2025-05-18 21:48:31+00:00,temperature
pipe-101,140.0,2025-05-18 21:48:33+00:00,temperature
pipe-101,138.0,2025-05-18 21:48:35+00:00,temperature
pipe-101,136.0,2025-05-18 21:48:37+00:00,temperature
pipe-101,134.0,2025-05-18 21:48:39+00:00,temperature
pipe-101,132.0,2025-05-18 21:48:41+00:00,temperature
pipe-101,130.0,2025-05-18 21:48:43+00:00,temperature
pipe-101,128.0,2025-05-18 21:48:45+00:00,temperature
pipe-101,126.0,2025-05-18 21:48:47+00:00,temperature
pipe-101,124.0,2025-05-18 21:48:49+00:00,temperature
pipe-101,122.0,2025-05-18 21:48:51+00:00,temperature
pipe-101,120.0,2025-05-18 21:48:53+00:00,temperature
pipe-101,118.0,2025-05-18 21:48:55+00:00,temperature
pipe-101,116.0,2025-05-18 21:48:57+00:00,temperature
pipe-101,114.0,2025-05-18 21:49:00+00:00,temperature
pipe-101,112.0,2025-05-18 21:49:02+00:00,temperature
pipe-101,110.0,2025-05-18 21:49:04+00:00,temperature
pipe-101,108.0,2025-05-18 21:49:06+00:00,temperature
pipe-101,106.0,2025-05-18 21:49:08+00:00,temperature
pipe-101,104.0,2025-05-18 21:49:10+00:00,temperature
pipe-101,102.0,2025-05-18 21:49:12+00:00,temperature
pipe-101,100.0,2025-05-18 21:49:14+00:00,temperature
pipe-101,102.0,2025-05-18 21:49:16+00:00,temperature
pipe-101,104.0,2025-05-18 21:49:18+00:00,temperature
pipe-101,106.0,2025-05-18 21:49:20+00:00,temperature
pipe-101,108.0,2025-05-18 21:49:22+00:00,temperature
pipe-101,110.0,2025-05-18 21:49:24+00:00,temperature
pipe-101,112.0,2025-05-18 21:49:26+00:00,temperature
pipe-101,114.0,2025-05-18 21:49:28+00:00,temperature
pipe-101,116.0,2025-05-18 21:49:30+00:00,temperature
pipe-101,118.0,2025-05-18 21:49:32+00:00,temperature
pipe-101,120.0,2025-05-18 21:49:34+00:00,temperature
pipe-101,122.0,2025-05-18 21:49:36+00:00,temperature
pipe-101,124.0,2025-05-18 21:49:38+00:00,temperature
pipe-101,126.0,2025-05-18 21:49:40+00:00,temperature
pipe-101,128.0,2025-05-18 21:49:42+00:00,temperature
pipe-101,130.0,2025-05-18 21:49:44+00:00,temperature
pipe-101,132.0,2025-05-18 21:49:46+00:00,temperature
pipe-101,134.0,2025-05-18 21:49:48+00:00,temperature
pipe-101,136.0,2025-05-18 21:49:50+00:00,temperature
pipe-101,138.0,2025-05-18 21:49:52+00:00,temperature
pipe-101,140.0,2025-05-18 21:49:54+00:00,temperature
pipe-101,142.0,2025-05-18 21:49:56+00:00,temperature
pipe-101,144.0,2025-05-18 21:49:58+00:00,temperature
pipe-101,146.0,2025-05-18 21:50:00+00:00,temperature
pipe-101,148.0,2025-05-18 21:50:02+00:00,temperature
pipe-101,150.0,2025-05-18 21:50:04+00:00,temperature
pipe-101,152.0,2025-05-18 21:50:06+00:00,temperature
pipe-101,154.0,2025-05-18 21:50:08+00:00,temperature
pipe-101,156.0,2025-05-18 21:50:10+00:00,temperature
pipe-101,158.0,2025-05-18 21:50:12+00:00,temperature
pipe-101,160.0,2025-05-18 21:50:14+00:00,temperature
pipe-101,162.0,2025-05-18 21:50:16+00:00,temperature
pipe-101,164.0,2025-05-18 21:50:18+00:00,temperature
pipe-101,166.0,2025-05-18 21:50:20+00:00,temperature
pipe-101,168.0,2025-05-18 21:50:22+00:00,temperature
pipe-101,170.0,2025-05-18 21:50:24+00:00,temperature
pipe-101,168.0,2025-05-18 21:50:26+00:00,temperature
pipe-101,166.0,2025-05-18 21:50:28+00:00,temperature
pipe-101,164.0,2025-05-18 21:50:30+00:00,temperature
pipe-101,162.0,2025-05-18 21:50:32+00:00,temperature
pipe-101,160.0,2025-05-18 21:50:34+00:00,temperature
pipe-101,158.0,2025-05-18 21:50:36+00:00,temperature
pipe-101,156.0,2025-05-18 21:50:38+00:00,temperature
pipe-101,154.0,2025-05-18 21:50:40+00:00,temperature
pipe-101,152.0,2025-05-18 21:50:42+00:00,temperature
pipe-101,150.0,2025-05-18 21:50:44+00:00,temperature
pipe-101,148.0,2025-05-18 21:50:46+00:00,temperature
pipe-101,146.0,2025-05-18 21:50:48+00:00,temperature
pipe-101,144.0,2025-05-18 21:50:50+00:00,temperature
pipe-101,142.0,2025-05-18 21:50:52+00:00,temperature
pipe-101,140.0,2025-05-18 21:50:54+00:00,temperature
pipe-101,138.0,2025-05-18 21:50:56+00:00,temperature
pipe-101,136.0,2025-05-18 21:50:58+00:00,temperature
pipe-101,134.0,2025-05-18 21:51:00+00:00,temperature
pipe-101,132.0,2025-05-18 21:51:02+00:00,temperature
pipe-101,130.0,2025-05-18 21:51:04+00:00,temperature
pipe-101,128.0,2025-05-18 21:51:06+00:00,temperature
pipe-101,126.0,2025-05-18 21:51:08+00:00,temperature
pipe-101,124.0,2025-05-18 21:51:10+00:00,temperature
pipe-101,122.0,2025-05-18 21:51:12+00:00,temperature
pipe-101,120.0,2025-05-18 21:51:14+00:00,temperature
pipe-101,118.0,2025-05-18 21:51:16+00:00,temperature
pipe-101,116.0,2025-05-18 21:51:18+00:00,temperature
pipe-101,114.0,2025-05-18 21:51:20+00:00,temperature
pipe-101,112.0,2025-05-18 21:51:22+00:00,temperature
pipe-101,110.0,2025-05-18 21:51:24+00:00,temperature
pipe-101,108.0,2025-05-18 21:51:26+00:00,temperature
pipe-101,106.0,2025-05-18 21:51:28+00:00,temperature
pipe-101,104.0,2025-05-18 21:51:30+00:00,temperature
pipe-101,102.0,2025-05-18 21:51:32+00:00,temperature
pipe-101,100.0,2025-05-18 21:51:34+00:00,temperature
pipe-101,102.0,2025-05-18 21:51:36+00:00,temperature
pipe-101,104.0,2025-05-18 21:51:38+00:00,temperature
pipe-101,106.0,2025-05-18 21:51:40+00:00,temperature
pipe-101,108.0,2025-05-18 21:51:42+00:00,temperature
pipe-101,110.0,2025-05-18 21:51:44+00:00,temperature
pipe-101,112.0,2025-05-18 21:51:46+00:00,temperature
pipe-101,114.0,2025-05-18 21:51:48+00:00,temperature
pipe-101,116.0,2025-05-18 21:51:50+00:00,temperature
pipe-101,118.0,2025-05-18 21:51:52+00:00,temperature
pipe-101,120.0,2025-05-18 21:51:54+00:00,temperature
pipe-101,122.0,2025-05-18 21:51:56+00:00,temperature
pipe-101,124.0,2025-05-18 21:51:58+00:00,temperature
pipe-101,126.0,2025-05-18 21:52:00+00:00,temperature
pipe-101,128.0,2025-05-18 21:52:02+00:00,temperature
pipe-101,130.0,2025-05-18 21:52:04+00:00,temperature
pipe-101,132.0,2025-05-18 21:52:06+00:00,temperature
pipe-101,134.0,2025-05-18 21:52:08+00:00,temperature
pipe-101,136.0,2025-05-18 21:52:10+00:00,temperature
pipe-101,138.0,2025-05-18 21:52:12+00:00,temperature
pipe-101,140.0,2025-05-18 21:52:14+00:00,temperature
pipe-101,142.0,2025-05-18 21:52:16+00:00,temperature
pipe-101,144.0,2025-05-18 21:52:18+00:00,temperature
pipe-101,146.0,2025-05-18 21:52:20+00:00,temperature
pipe-101,148.0,2025-05-18 21:52:22+00:00,temperature
pipe-101,150.0,2025-05-18 21:52:24+00:00,temperature
pipe-101,152.0,2025-05-18 21:52:26+00:00,temperature
pipe-101,154.0,2025-05-18 21:52:28+00:00,temperature
pipe-101,156.0,2025-05-18 21:52:30+00:00,temperature
pipe-101,158.0,2025-05-18 21:52:32+00:00,temperature
pipe-101,160.0,2025-05-18 21:52:34+00:00,temperature
pipe-101,162.0,2025-05-18 21:52:36+00:00,temperature
pipe-101,164.0,2025-05-18 21:52:38+00:00,temperature
pipe-101,166.0,2025-05-18 21:52:40+00:00,temperature
pipe-101,168.0,2025-05-18 21:52:42+00:00,temperature
pipe-101,170.0,2025-05-18 21:52:44+00:00,temperature
pipe-101,168.0,2025-05-18 21:52:46+00:00,temperature
pipe-101,166.0,2025-05-18 21:52:48+00:00,temperature
pipe-101,164.0,2025-05-18 21:52:50+00:00,temperature
pipe-101,162.0,2025-05-18 21:52:52+00:00,temperature
pipe-101,160.0,2025-05-18 21:52:54+00:00,temperature
pipe-101,158.0,2025-05-18 21:52:56+00:00,temperature
pipe-101,156.0,2025-05-18 21:52:58+00:00,temperature
pipe-101,154.0,2025-05-18 21:53:00+00:00,temperature
pipe-101,152.0,2025-05-18 21:53:02+00:00,temperature
pipe-101,150.0,2025-05-18 21:53:04+00:00,temperature
pipe-101,148.0,2025-05-18 21:53:06+00:00,temperature
pipe-101,146.0,2025-05-18 21:53:08+00:00,temperature
pipe-101,144.0,2025-05-18 21:53:10+00:00,temperature
pipe-101,142.0,2025-05-18 21:53:12+00:00,temperature
pipe-101,140.0,2025-05-18 21:53:14+00:00,temperature
pipe-101,138.0,2025-05-18 21:53:16+00:00,temperature
pipe-101,136.0,2025-05-18 21:53:18+00:00,temperature
pipe-101,134.0,2025-05-18 21:53:20+00:00,temperature
pipe-101,132.0,2025-05-18 21:53:22+00:00,temperature
pipe-101,130.0,2025-05-18 21:53:24+00:00,temperature
pipe-101,128.0,2025-05-18 21:53:26+00:00,temperature
pipe-101,126.0,2025-05-18 21:53:28+00:00,temperature
pipe-101,124.0,2025-05-18 21:53:30+00:00,temperature
pipe-101,122.0,2025-05-18 21:53:32+00:00,temperature
pipe-101,120.0,2025-05-18 21:53:34+00:00,temperature
pipe-101,118.0,2025-05-18 21:53:36+00:00,temperature
pipe-101,116.0,2025-05-18 21:53:38+00:00,temperature
pipe-101,114.0,2025-05-18 21:53:40+00:00,temperature
pipe-101,112.0,2025-05-18 21:53:42+00:00,temperature
pipe-101,110.0,2025-05-18 21:53:44+00:00,temperature
pipe-101,108.0,2025-05-18 21:53:46+00:00,temperature
pipe-101,106.0,2025-05-18 21:53:48+00:00,temperature
pipe-101,104.0,2025-05-18 21:53:50+00:00,temperature
pipe-101,102.0,2025-05-18 21:53:52+00:00,temperature
pipe-101,100.0,2025-05-18 21:53:54+00:00,temperature
pipe-101,102.0,2025-05-18 21:53:56+00:00,temperature
pipe-101,104.0,2025-05-18 21:53:58+00:00,temperature
pipe-101,106.0,2025-05-18 21:54:00+00:00,temperature
pipe-101,108.0,2025-05-18 21:54:02+00:00,temperature
pipe-101,110.0,2025-05-18 21:54:04+00:00,temperature
pipe-101,112.0,2025-05-18 21:54:06+00:00,temperature
pipe-101,114.0,2025-05-18 21:54:08+00:00,temperature
pipe-101,116.0,2025-05-18 21:54:10+00:00,temperature
pipe-101,118.0,2025-05-18 21:54:12+00:00,temperature
pipe-101,120.0,2025-05-18 21:54:14+00:00,temperature
pipe-101,122.0,2025-05-18 21:54:16+00:00,temperature
pipe-101,124.0,2025-05-18 21:54:18+00:00,temperature
pipe-101,126.0,2025-05-18 21:54:20+00:00,temperature
pipe-101,128.0,2025-05-18 21:54:22+00:00,temperature
pipe-101,130.0,2025-05-18 21:54:24+00:00,temperature
pipe-101,132.0,2025-05-18 21:54:26+00:00,temperature
pipe-101,134.0,2025-05-18 21:54:28+00:00,temperature
pipe-101,136.0,2025-05-18 21:54:30+00:00,temperature
pipe-101,138.0,2025-05-18 21:54:32+00:00,temperature
pipe-101,140.0,2025-05-18 21:54:34+00:00,temperature
pipe-101,142.0,2025-05-18 21:54:36+00:00,temperature
pipe-101,144.0,2025-05-18 21:54:38+00:00,temperature
pipe-101,146.0,2025-05-18 21:54:40+00:00,temperature
pipe-101,148.0,2025-05-18 21:54:42+00:00,temperature
pipe-101,150.0,2025-05-18 21:54:44+00:00,temperature
pipe-101,152.0,2025-05-18 21:54:46+00:00,temperature
pipe-101,154.0,2025-05-18 21:54:48+00:00,temperature
pipe-101,156.0,2025-05-18 21:54:50+00:00,temperature
pipe-101,158.0,2025-05-18 21:54:52+00:00,temperature
pipe-101,160.0,2025-05-18 21:54:54+00:00,temperature
pipe-101,162.0,2025-05-18 21:54:56+00:00,temperature
pipe-101,164.0,2025-05-18 21:54:58+00:00,temperature
pipe-101,166.0,2025-05-18 21:55:00+00:00,temperature
pipe-101,168.0,2025-05-18 21:55:02+00:00,temperature
pipe-101,170.0,2025-05-18 21:55:04+00:00,temperature
pipe-101,168.0,2025-05-18 21:55:06+00:00,temperature
pipe-101,166.0,2025-05-18 21:55:08+00:00,temperature
pipe-101,164.0,2025-05-18 21:55:10+00:00,temperature
pipe-101,162.0,2025-05-18 21:55:12+00:00,temperature
pipe-101,160.0,2025-05-18 21:55:14+00:00,temperature
pipe-101,158.0,2025-05-18 21:55:16+00:00,temperature
pipe-101,156.0,2025-05-18 21:55:18+00:00,temperature
pipe-101,154.0,2025-05-18 21:55:20+00:00,temperature
pipe-101,152.0,2025-05-18 21:55:22+00:00,temperature
pipe-101,150.0,2025-05-18 21:55:24+00:00,temperature
pipe-101,148.0,2025-05-18 21:55:26+00:00,temperature
pipe-101,146.0,2025-05-18 21:55:28+00:00,temperature
pipe-101,144.0,2025-05-18 21:55:30+00:00,temperature
pipe-101,142.0,2025-05-18 21:55:32+00:00,temperature
pipe-101,140.0,2025-05-18 21:55:34+00:00,temperature
pipe-101,138.0,2025-05-18 21:55:36+00:00,temperature
pipe-101,136.0,2025-05-18 21:55:38+00:00,temperature
pipe-101,134.0,2025-05-18 21:55:40+00:00,temperature
pipe-101,132.0,2025-05-18 21:55:42+00:00,temperature
pipe-101,130.0,2025-05-18 21:55:44+00:00,temperature
pipe-101,128.0,2025-05-18 21:55:46+00:00,temperature
pipe-101,126.0,2025-05-18 21:55:48+00:00,temperature
pipe-101,124.0,2025-05-18 21:55:50+00:00,temperature
pipe-101,122.0,2025-05-18 21:55:52+00:00,temperature
pipe-101,120.0,2025-05-18 21:55:54+00:00,temperature
pipe-101,118.0,2025-05-18 21:55:56+00:00,temperature
pipe-101,116.0,2025-05-18 21:55:58+00:00,temperature
pipe-101,114.0,2025-05-18 21:56:00+00:00,temperature
pipe-101,112.0,2025-05-18 21:56:02+00:00,temperature
pipe-101,110.0,2025-05-18 21:56:04+00:00,temperature
pipe-101,108.0,2025-05-18 21:56:06+00:00,temperature
pipe-101,106.0,2025-05-18 21:56:08+00:00,temperature
pipe-101,104.0,2025-05-18 21:56:10+00:00,temperature
pipe-101,102.0,2025-05-18 21:56:12+00:00,temperature
pipe-101,100.0,2025-05-18 21:56:14+00:00,temperature
pipe-101,102.0,2025-05-18 21:56:16+00:00,temperature
pipe-101,104.0,2025-05-18 21:56:18+00:00,temperature
pipe-101,106.0,2025-05-18 21:56:20+00:00,temperature
pipe-101,108.0,2025-05-18 21:56:22+00:00,temperature
pipe-101,110.0,2025-05-18 21:56:24+00:00,temperature
pipe-101,112.0,2025-05-18 21:56:26+00:00,temperature
pipe-101,114.0,2025-05-18 21:56:28+00:00,temperature
pipe-101,116.0,2025-05-18 21:56:30+00:00,temperature
pipe-101,118.0,2025-05-18 21:56:32+00:00,temperature
pipe-101,120.0,2025-05-18 21:56:34+00:00,temperature
pipe-101,122.0,2025-05-18 21:56:36+00:00,temperature
pipe-101,124.0,2025-05-18 21:56:38+00:00,temperature
pipe-101,126.0,2025-05-18 21:56:40+00:00,temperature
pipe-101,128.0,2025-05-18 21:56:42+00:00,temperature
pipe-101,130.0,2025-05-18 21:56:44+00:00,temperature
pipe-101,132.0,2025-05-18 21:56:46+00:00,temperature
pipe-101,134.0,2025-05-18 21:56:48+00:00,temperature
pipe-101,136.0,2025-05-18 21:56:50+00:00,temperature
pipe-101,138.0,2025-05-18 21:56:52+00:00,temperature
pipe-101,140.0,2025-05-18 21:56:54+00:00,temperature
pipe-101,142.0,2025-05-18 21:56:56+00:00,temperature
pipe-101,144.0,2025-05-18 21:56:58+00:00,temperature
pipe-101,146.0,2025-05-18 21:57:00+00:00,temperature
pipe-101,148.0,2025-05-18 21:57:02+00:00,temperature
pipe-101,150.0,2025-05-18 21:57:04+00:00,temperature
pipe-101,152.0,2025-05-18 21:57:06+00:00,temperature
pipe-101,154.0,2025-05-18 21:57:08+00:00,temperature
pipe-101,156.0,2025-05-18 21:57:10+00:00,temperature
pipe-101,158.0,2025-05-18 21:57:12+00:00,temperature
pipe-101,160.0,2025-05-18 21:57:14+00:00,temperature
pipe-101,162.0,2025-05-18 21:57:16+00:00,temperature
pipe-101,164.0,2025-05-18 21:57:18+00:00,temperature
pipe-101,166.0,2025-05-18 21:57:20+00:00,temperature
pipe-101,168.0,2025-05-18 21:57:22+00:00,temperature
pipe-101,170.0,2025-05-18 21:57:24+00:00,temperature
pipe-101,168.0,2025-05-18 21:57:26+00:00,temperature
pipe-101,166.0,2025-05-18 21:57:28+00:00,temperature
pipe-101,164.0,2025-05-18 21:57:30+00:00,temperature
pipe-101,162.0,2025-05-18 21:57:32+00:00,temperature
pipe-101,160.0,2025-05-18 21:57:34+00:00,temperature
pipe-101,158.0,2025-05-18 21:57:36+00:00,temperature
pipe-101,156.0,2025-05-18 21:57:38+00:00,temperature
pipe-101,154.0,2025-05-18 21:57:40+00:00,temperature
pipe-101,152.0,2025-05-18 21:57:42+00:00,temperature
pipe-101,150.0,2025-05-18 21:57:44+00:00,temperature
pipe-101,148.0,2025-05-18 21:57:46+00:00,temperature
pipe-101,146.0,2025-05-18 21:57:48+00:00,temperature
pipe-101,144.0,2025-05-18 21:57:50+00:00,temperature
pipe-101,142.0,2025-05-18 21:57:52+00:00,temperature
pipe-101,140.0,2025-05-18 21:57:54+00:00,temperature
pipe-101,138.0,2025-05-18 21:57:56+00:00,temperature
pipe-101,136.0,2025-05-18 21:57:58+00:00,temperature
pipe-101,134.0,2025-05-18 21:58:00+00:00,temperature
pipe-101,132.0,2025-05-18 21:58:02+00:00,temperature
pipe-101,130.0,2025-05-18 21:58:04+00:00,temperature
pipe-101,128.0,2025-05-18 21:58:07+00:00,temperature
pipe-101,126.0,2025-05-18 21:58:09+00:00,temperature
pipe-101,124.0,2025-05-18 21:58:11+00:00,temperature
pipe-101,122.0,2025-05-18 21:58:13+00:00,temperature
pipe-101,120.0,2025-05-18 21:58:15+00:00,temperature
pipe-101,118.0,2025-05-18 21:58:17+00:00,temperature
pipe-101,116.0,2025-05-18 21:58:19+00:00,temperature
pipe-101,114.0,2025-05-18 21:58:21+00:00,temperature
pipe-101,112.0,2025-05-18 21:58:23+00:00,temperature
pipe-101,110.0,2025-05-18 21:58:25+00:00,temperature
pipe-101,108.0,2025-05-18 21:58:27+00:00,temperature
pipe-101,106.0,2025-05-18 21:58:29+00:00,temperature
pipe-101,104.0,2025-05-18 21:58:31+00:00,temperature
pipe-101,102.0,2025-05-18 21:58:33+00:00,temperature
pipe-101,100.0,2025-05-18 21:58:35+00:00,temperature
pipe-101,102.0,2025-05-18 21:58:37+00:00,temperature
pipe-101,104.0,2025-05-18 21:58:39+00:00,temperature
pipe-101,106.0,2025-05-18 21:58:41+00:00,temperature
pipe-101,108.0,2025-05-18 21:58:43+00:00,temperature
pipe-101,110.0,2025-05-18 21:58:45+00:00,temperature
pipe-101,112.0,2025-05-18 21:58:47+00:00,temperature
pipe-101,114.0,2025-05-18 21:58:50+00:00,temperature
pipe-101,116.0,2025-05-18 21:58:52+00:00,temperature
pipe-101,118.0,2025-05-18 21:58:54+00:00,temperature
pipe-101,120.0,2025-05-18 21:58:56+00:00,temperature
pipe-101,122.0,2025-05-18 21:58:58+00:00,temperature
pipe-101,124.0,2025-05-18 21:59:00+00:00,temperature
pipe-101,126.0,2025-05-18 21:59:02+00:00,temperature
pipe-101,128.0,2025-05-18 21:59:04+00:00,temperature
pipe-101,130.0,2025-05-18 21:59:06+00:00,temperature
pipe-101,132.0,2025-05-18 21:59:08+00:00,temperature
pipe-101,134.0,2025-05-18 21:59:10+00:00,temperature
pipe-101,136.0,2025-05-18 21:59:12+00:00,temperature
pipe-101,138.0,2025-05-18 21:59:14+00:00,temperature
pipe-101,140.0,2025-05-18 21:59:16+00:00,temperature
pipe-101,142.0,2025-05-18 21:59:18+00:00,temperature
pipe-101,144.0,2025-05-18 21:59:20+00:00,temperature
pipe-101,146.0,2025-05-18 21:59:22+00:00,temperature
pipe-101,148.0,2025-05-18 21:59:24+00:00,temperature
pipe-101,150.0,2025-05-18 21:59:26+00:00,temperature
pipe-101,152.0,2025-05-18 21:59:28+00:00,temperature
pipe-101,154.0,2025-05-18 21:59:30+00:00,temperature
pipe-101,156.0,2025-05-18 21:59:32+00:00,temperature
pipe-101,158.0,2025-05-18 21:59:34+00:00,temperature
pipe-101,160.0,2025-05-18 21:59:36+00:00,temperature
pipe-101,162.0,2025-05-18 21:59:38+00:00,temperature
pipe-101,164.0,2025-05-18 21:59:40+00:00,temperature
pipe-101,166.0,2025-05-18 21:59:42+00:00,temperature
pipe-101,168.0,2025-05-18 21:59:44+00:00,temperature
pipe-101,170.0,2025-05-18 21:59:46+00:00,temperature
pipe-101,168.0,2025-05-18 21:59:48+00:00,temperature
pipe-101,166.0,2025-05-18 21:59:50+00:00,temperature
pipe-101,164.0,2025-05-18 21:59:52+00:00,temperature
pipe-101,162.0,2025-05-18 21:59:54+00:00,temperature
pipe-101,160.0,2025-05-18 21:59:56+00:00,temperature
pipe-101,158.0,2025-05-18 21:59:58+00:00,temperature
pipe-101,156.0,2025-05-18 22:00:00+00:00,temperature
pipe-101,154.0,2025-05-18 22:00:02+00:00,temperature
pipe-101,152.0,2025-05-18 22:00:04+00:00,temperature
pipe-101,150.0,2025-05-18 22:00:06+00:00,temperature
pipe-101,148.0,2025-05-18 22:00:08+00:00,temperature
pipe-101,146.0,2025-05-18 22:00:10+00:00,temperature
pipe-101,144.0,2025-05-18 22:00:12+00:00,temperature
pipe-101,142.0,2025-05-18 22:00:14+00:00,temperature
pipe-101,140.0,2025-05-18 22:00:16+00:00,temperature
pipe-101,138.0,2025-05-18 22:00:18+00:00,temperature
pipe-101,136.0,2025-05-18 22:00:20+00:00,temperature
pipe-101,134.0,2025-05-18 22:00:22+00:00,temperature
pipe-101,132.0,2025-05-18 22:00:24+00:00,temperature
pipe-101,130.0,2025-05-18 22:00:27+00:00,temperature
pipe-101,128.0,2025-05-18 22:00:29+00:00,temperature
pipe-101,126.0,2025-05-18 22:00:31+00:00,temperature
pipe-101,124.0,2025-05-18 22:00:33+00:00,temperature
pipe-101,122.0,2025-05-18 22:00:35+00:00,temperature
pipe-101,120.0,2025-05-18 22:00:37+00:00,temperature
pipe-101,118.0,2025-05-18 22:00:39+00:00,temperature
pipe-101,116.0,2025-05-18 22:00:41+00:00,temperature
pipe-101,114.0,2025-05-18 22:00:43+00:00,temperature
pipe-101,112.0,2025-05-18 22:00:45+00:00,temperature
pipe-101,110.0,2025-05-18 22:00:47+00:00,temperature
pipe-101,108.0,2025-05-18 22:00:49+00:00,temperature
pipe-101,106.0,2025-05-18 22:00:51+00:00,temperature
pipe-101,104.0,2025-05-18 22:00:53+00:00,temperature
pipe-101,102.0,2025-05-18 22:00:55+00:00,temperature
pipe-101,100.0,2025-05-18 22:00:57+00:00,temperature
pipe-101,102.0,2025-05-18 22:00:59+00:00,temperature
pipe-101,104.0,2025-05-18 22:01:01+00:00,temperature
pipe-101,106.0,2025-05-18 22:01:03+00:00,temperature
pipe-101,108.0,2025-05-18 22:01:05+00:00,temperature
pipe-101,110.0,2025-05-18 22:01:07+00:00,temperature
pipe-101,112.0,2025-05-18 22:01:09+00:00,temperature
pipe-101,114.0,2025-05-18 22:01:11+00:00,temperature
pipe-101,116.0,2025-05-18 22:01:13+00:00,temperature
pipe-101,118.0,2025-05-18 22:01:15+00:00,temperature
pipe-101,120.0,2025-05-18 22:01:17+00:00,temperature
pipe-101,122.0,2025-05-18 22:01:19+00:00,temperature
pipe-101,124.0,2025-05-18 22:01:21+00:00,temperature
pipe-101,126.0,2025-05-18 22:01:23+00:00,temperature
pipe-101,128.0,2025-05-18 22:01:25+00:00,temperature
pipe-101,130.0,2025-05-18 22:01:27+00:00,temperature
pipe-101,132.0,2025-05-18 22:01:29+00:00,temperature
pipe-101,134.0,2025-05-18 22:01:31+00:00,temperature
pipe-101,136.0,2025-05-18 22:01:33+00:00,temperature
pipe-101,138.0,2025-05-18 22:01:35+00:00,temperature
pipe-101,140.0,2025-05-18 22:01:37+00:00,temperature
pipe-101,142.0,2025-05-18 22:01:39+00:00,temperature
pipe-101,144.0,2025-05-18 22:01:41+00:00,temperature
pipe-101,146.0,2025-05-18 22:01:43+00:00,temperature
pipe-101,148.0,2025-05-18 22:01:45+00:00,temperature
pipe-101,150.0,2025-05-18 22:01:47+00:00,temperature
pipe-101,152.0,2025-05-18 22:01:49+00:00,temperature
pipe-101,154.0,2025-05-18 22:01:51+00:00,temperature
pipe-101,156.0,2025-05-18 22:01:53+00:00,temperature
pipe-101,158.0,2025-05-18 22:01:55+00:00,temperature
pipe-101,160.0,2025-05-18 22:01:57+00:00,temperature
pipe-101,162.0,2025-05-18 22:01:59+00:00,temperature
pipe-101,164.0,2025-05-18 22:02:01+00:00,temperature
pipe-101,166.0,2025-05-18 22:02:03+00:00,temperature
pipe-101,168.0,2025-05-18 22:02:05+00:00,temperature
pipe-101,170.0,2025-05-18 22:02:07+00:00,temperature
pipe-101,168.0,2025-05-18 22:02:09+00:00,temperature
pipe-101,166.0,2025-05-18 22:02:11+00:00,temperature
pipe-101,164.0,2025-05-18 22:02:13+00:00,temperature
pipe-101,162.0,2025-05-18 22:02:15+00:00,temperature
pipe-101,160.0,2025-05-18 22:02:17+00:00,temperature
pipe-101,158.0,2025-05-18 22:02:19+00:00,temperature
pipe-101,156.0,2025-05-18 22:02:21+00:00,temperature
pipe-101,154.0,2025-05-18 22:02:23+00:00,temperature
pipe-101,152.0,2025-05-18 22:02:25+00:00,temperature
pipe-101,150.0,2025-05-18 22:02:27+00:00,temperature
pipe-101,148.0,2025-05-18 22:02:29+00:00,temperature
pipe-101,146.0,2025-05-18 22:02:31+00:00,temperature
pipe-101,144.0,2025-05-18 22:02:33+00:00,temperature
pipe-101,142.0,2025-05-18 22:02:35+00:00,temperature
pipe-101,140.0,2025-05-18 22:02:37+00:00,temperature
pipe-101,138.0,2025-05-18 22:02:39+00:00,temperature
pipe-101,136.0,2025-05-18 22:02:41+00:00,temperature
pipe-101,134.0,2025-05-18 22:02:43+00:00,temperature
pipe-101,132.0,2025-05-18 22:02:45+00:00,temperature
pipe-101,130.0,2025-05-18 22:02:47+00:00,temperature
pipe-101,128.0,2025-05-18 22:02:49+00:00,temperature
pipe-101,126.0,2025-05-18 22:02:51+00:00,temperature
pipe-101,124.0,2025-05-18 22:02:53+00:00,temperature
pipe-101,122.0,2025-05-18 22:02:55+00:00,temperature
pipe-101,120.0,2025-05-18 22:02:57+00:00,temperature
pipe-101,118.0,2025-05-18 22:02:59+00:00,temperature
pipe-101,116.0,2025-05-18 22:03:01+00:00,temperature
pipe-101,114.0,2025-05-18 22:03:03+00:00,temperature
pipe-101,112.0,2025-05-18 22:03:05+00:00,temperature
pipe-101,110.0,2025-05-18 22:03:07+00:00,temperature
pipe-101,108.0,2025-05-18 22:03:09+00:00,temperature
pipe-101,106.0,2025-05-18 22:03:12+00:00,temperature
pipe-101,104.0,2025-05-18 22:03:14+00:00,temperature
pipe-101,102.0,2025-05-18 22:03:16+00:00,temperature
pipe-101,100.0,2025-05-18 22:03:18+00:00,temperature
pipe-101,102.0,2025-05-18 22:03:20+00:00,temperature
pipe-101,104.0,2025-05-18 22:03:22+00:00,temperature
pipe-101,106.0,2025-05-18 22:03:24+00:00,temperature
pipe-101,108.0,2025-05-18 22:03:26+00:00,temperature
pipe-101,110.0,2025-05-18 22:03:28+00:00,temperature
pipe-101,112.0,2025-05-18 22:03:30+00:00,temperature
pipe-101,114.0,2025-05-18 22:03:32+00:00,temperature
pipe-101,116.0,2025-05-18 22:03:34+00:00,temperature
pipe-101,118.0,2025-05-18 22:03:36+00:00,temperature
pipe-101,120.0,2025-05-18 22:03:38+00:00,temperature
pipe-101,122.0,2025-05-18 22:03:40+00:00,temperature
pipe-101,124.0,2025-05-18 22:03:42+00:00,temperature
pipe-101,126.0,2025-05-18 22:03:44+00:00,temperature
pipe-101,128.0,2025-05-18 22:03:46+00:00,temperature
pipe-101,130.0,2025-05-18 22:03:48+00:00,temperature
pipe-101,132.0,2025-05-18 22:03:50+00:00,temperature
pipe-101,134.0,2025-05-18 22:03:52+00:00,temperature
pipe-101,136.0,2025-05-18 22:03:54+00:00,temperature
pipe-101,138.0,2025-05-18 22:03:56+00:00,temperature
pipe-101,140.0,2025-05-18 22:03:58+00:00,temperature
pipe-101,142.0,2025-05-18 22:04:00+00:00,temperature
pipe-101,144.0,2025-05-18 22:04:02+00:00,temperature
pipe-101,146.0,2025-05-18 22:04:04+00:00,temperature
pipe-101,148.0,2025-05-18 22:04:06+00:00,temperature
pipe-101,150.0,2025-05-18 22:04:08+00:00,temperature
pipe-101,152.0,2025-05-18 22:04:10+00:00,temperature
pipe-101,154.0,2025-05-18 22:04:12+00:00,temperature
pipe-101,156.0,2025-05-18 22:04:14+00:00,temperature
pipe-101,158.0,2025-05-18 22:04:16+00:00,temperature
pipe-101,160.0,2025-05-18 22:04:18+00:00,temperature
pipe-101,162.0,2025-05-18 22:04:20+00:00,temperature
pipe-101,164.0,2025-05-18 22:04:22+00:00,temperature
pipe-101,166.0,2025-05-18 22:04:24+00:00,temperature
pipe-101,168.0,2025-05-18 22:04:26+00:00,temperature
pipe-101,170.0,2025-05-18 22:04:28+00:00,temperature
pipe-101,168.0,2025-05-18 22:04:30+00:00,temperature
pipe-101,166.0,2025-05-18 22:04:32+00:00,temperature
pipe-101,164.0,2025-05-18 22:04:34+00:00,temperature
pipe-101,162.0,2025-05-18 22:04:36+00:00,temperature
pipe-101,160.0,2025-05-18 22:04:38+00:00,temperature
pipe-101,158.0,2025-05-18 22:04:40+00:00,temperature
pipe-101,156.0,2025-05-18 22:04:42+00:00,temperature
pipe-101,154.0,2025-05-18 22:04:44+00:00,temperature
pipe-101,152.0,2025-05-18 22:04:46+00:00,temperature
pipe-101,150.0,2025-05-18 22:04:48+00:00,temperature
pipe-101,148.0,2025-05-18 22:04:50+00:00,temperature
pipe-101,146.0,2025-05-18 22:04:52+00:00,temperature
pipe-101,144.0,2025-05-18 22:04:54+00:00,temperature
pipe-101,142.0,2025-05-18 22:04:56+00:00,temperature
pipe-101,140.0,2025-05-18 22:04:58+00:00,temperature
pipe-101,138.0,2025-05-18 22:05:00+00:00,temperature
pipe-101,136.0,2025-05-18 22:05:02+00:00,temperature
pipe-101,134.0,2025-05-18 22:05:04+00:00,temperature
pipe-101,132.0,2025-05-18 22:05:06+00:00,temperature
pipe-101,130.0,2025-05-18 22:05:08+00:00,temperature
pipe-101,128.0,2025-05-18 22:05:10+00:00,temperature
pipe-101,126.0,2025-05-18 22:05:12+00:00,temperature
pipe-101,124.0,2025-05-18 22:05:14+00:00,temperature
pipe-101,122.0,2025-05-18 22:05:16+00:00,temperature
pipe-101,120.0,2025-05-18 22:05:18+00:00,temperature
pipe-101,118.0,2025-05-18 22:05:20+00:00,temperature
pipe-101,116.0,2025-05-18 22:05:22+00:00,temperature
pipe-101,114.0,2025-05-18 22:05:24+00:00,temperature
pipe-101,112.0,2025-05-18 22:05:26+00:00,temperature
pipe-101,110.0,2025-05-18 22:05:28+00:00,temperature
pipe-101,108.0,2025-05-18 22:05:30+00:00,temperature
pipe-101,106.0,2025-05-18 22:05:32+00:00,temperature
pipe-101,104.0,2025-05-18 22:05:34+00:00,temperature
pipe-101,102.0,2025-05-18 22:05:36+00:00,temperature
pipe-101,100.0,2025-05-18 22:05:38+00:00,temperature
pipe-101,102.0,2025-05-18 22:05:40+00:00,temperature
pipe-101,104.0,2025-05-18 22:05:42+00:00,temperature
pipe-101,106.0,2025-05-18 22:05:45+00:00,temperature
pipe-101,108.0,2025-05-18 22:05:47+00:00,temperature
pipe-101,110.0,2025-05-18 22:05:49+00:00,temperature
pipe-101,112.0,2025-05-18 22:05:51+00:00,temperature
pipe-101,114.0,2025-05-18 22:05:53+00:00,temperature
pipe-101,116.0,2025-05-18 22:05:55+00:00,temperature
pipe-101,118.0,2025-05-18 22:05:57+00:00,temperature
pipe-101,120.0,2025-05-18 22:05:59+00:00,temperature
pipe-101,122.0,2025-05-18 22:06:01+00:00,temperature
pipe-101,124.0,2025-05-18 22:06:03+00:00,temperature
pipe-101,126.0,2025-05-18 22:06:05+00:00,temperature
pipe-101,128.0,2025-05-18 22:06:07+00:00,temperature
pipe-101,130.0,2025-05-18 22:06:09+00:00,temperature
pipe-101,132.0,2025-05-18 22:06:11+00:00,temperature
pipe-101,134.0,2025-05-18 22:06:13+00:00,temperature
pipe-101,136.0,2025-05-18 22:06:15+00:00,temperature
pipe-101,138.0,2025-05-18 22:06:17+00:00,temperature
pipe-101,140.0,2025-05-18 22:06:19+00:00,temperature
pipe-101,142.0,2025-05-18 22:06:21+00:00,temperature
pipe-101,102.0,2025-05-18 22:14:00+00:00,temperature
pipe-101,104.0,2025-05-18 22:14:02+00:00,temperature
pipe-101,106.0,2025-05-18 22:14:04+00:00,temperature
pipe-101,108.0,2025-05-18 22:14:06+00:00,temperature
pipe-101,110.0,2025-05-18 22:14:08+00:00,temperature
pipe-101,112.0,2025-05-18 22:14:10+00:00,temperature
pipe-101,114.0,2025-05-18 22:14:12+00:00,temperature
pipe-101,116.0,2025-05-18 22:14:14+00:00,temperature
pipe-101,118.0,2025-05-18 22:14:16+00:00,temperature
pipe-101,120.0,2025-05-18 22:14:18+00:00,temperature
pipe-101,122.0,2025-05-18 22:14:20+00:00,temperature
pipe-101,124.0,2025-05-18 22:14:22+00:00,temperature
pipe-101,126.0,2025-05-18 22:14:24+00:00,temperature
pipe-101,128.0,2025-05-18 22:14:26+00:00,temperature
pipe-101,130.0,2025-05-18 22:14:28+00:00,temperature
pipe-101,132.0,2025-05-18 22:14:30+00:00,temperature
pipe-101,134.0,2025-05-18 22:14:32+00:00,temperature
pipe-101,136.0,2025-05-18 22:14:34+00:00,temperature
pipe-101,138.0,2025-05-18 22:14:36+00:00,temperature
pipe-101,140.0,2025-05-18 22:14:38+00:00,temperature
pipe-101,142.0,2025-05-18 22:14:40+00:00,temperature
pipe-101,144.0,2025-05-18 22:14:42+00:00,temperature
pipe-101,146.0,2025-05-18 22:14:44+00:00,temperature
pipe-101,148.0,2025-05-18 22:14:46+00:00,temperature
pipe-101,150.0,2025-05-18 22:14:48+00:00,temperature
pipe-101,152.0,2025-05-18 22:14:50+00:00,temperature
pipe-101,154.0,2025-05-18 22:14:52+00:00,temperature
pipe-101,156.0,2025-05-18 22:14:55+00:00,temperature
pipe-101,158.0,2025-05-18 22:14:57+00:00,temperature
pipe-101,160.0,2025-05-18 22:14:59+00:00,temperature
pipe-101,162.0,2025-05-18 22:15:01+00:00,temperature
pipe-101,164.0,2025-05-18 22:15:03+00:00,temperature
pipe-101,166.0,2025-05-18 22:15:05+00:00,temperature
pipe-101,168.0,2025-05-18 22:15:07+00:00,temperature
pipe-101,170.0,2025-05-18 22:15:09+00:00,temperature
pipe-101,168.0,2025-05-18 22:15:11+00:00,temperature
pipe-101,166.0,2025-05-18 22:15:13+00:00,temperature
pipe-101,164.0,2025-05-18 22:15:15+00:00,temperature
pipe-101,162.0,2025-05-18 22:15:17+00:00,temperature
pipe-101,160.0,2025-05-18 22:15:19+00:00,temperature
pipe-101,158.0,2025-05-18 22:15:21+00:00,temperature
pipe-101,156.0,2025-05-18 22:15:23+00:00,temperature
pipe-101,154.0,2025-05-18 22:15:25+00:00,temperature
pipe-101,152.0,2025-05-18 22:15:27+00:00,temperature
pipe-101,150.0,2025-05-18 22:15:29+00:00,temperature
pipe-101,148.0,2025-05-18 22:15:31+00:00,temperature
pipe-101,146.0,2025-05-18 22:15:33+00:00,temperature
pipe-101,144.0,2025-05-18 22:15:35+00:00,temperature
pipe-101,142.0,2025-05-18 22:15:37+00:00,temperature
pipe-101,140.0,2025-05-18 22:15:39+00:00,temperature
pipe-101,138.0,2025-05-18 22:15:41+00:00,temperature
pipe-101,136.0,2025-05-18 22:15:43+00:00,temperature
pipe-101,134.0,2025-05-18 22:15:45+00:00,temperature
pipe-101,132.0,2025-05-18 22:15:47+00:00,temperature
pipe-101,130.0,2025-05-18 22:15:49+00:00,temperature
pipe-101,128.0,2025-05-18 22:15:51+00:00,temperature
pipe-101,126.0,2025-05-18 22:15:53+00:00,temperature
pipe-101,124.0,2025-05-18 22:15:55+00:00,temperature
pipe-101,122.0,2025-05-18 22:15:57+00:00,temperature
pipe-101,120.0,2025-05-18 22:15:59+00:00,temperature
pipe-101,118.0,2025-05-18 22:16:01+00:00,temperature
pipe-101,116.0,2025-05-18 22:16:03+00:00,temperature
pipe-101,114.0,2025-05-18 22:16:05+00:00,temperature
pipe-101,112.0,2025-05-18 22:16:07+00:00,temperature
pipe-101,110.0,2025-05-18 22:16:09+00:00,temperature
pipe-101,108.0,2025-05-18 22:16:11+00:00,temperature
pipe-101,106.0,2025-05-18 22:16:13+00:00,temperature
pipe-101,104.0,2025-05-18 22:16:15+00:00,temperature
pipe-101,102.0,2025-05-18 22:16:17+00:00,temperature
pipe-101,100.0,2025-05-18 22:16:19+00:00,temperature
pipe-101,102.0,2025-05-18 22:16:21+00:00,temperature
pipe-101,104.0,2025-05-18 22:16:23+00:00,temperature
pipe-101,106.0,2025-05-18 22:16:25+00:00,temperature
pipe-101,108.0,2025-05-18 22:16:27+00:00,temperature
pipe-101,110.0,2025-05-18 22:16:29+00:00,temperature
pipe-101,112.0,2025-05-18 22:16:31+00:00,temperature
pipe-101,114.0,2025-05-18 22:16:33+00:00,temperature
pipe-101,116.0,2025-05-18 22:16:35+00:00,temperature
pipe-101,118.0,2025-05-18 22:16:37+00:00,temperature
pipe-101,120.0,2025-05-18 22:16:39+00:00,temperature
pipe-101,122.0,2025-05-18 22:16:41+00:00,temperature
pipe-101,124.0,2025-05-18 22:16:43+00:00,temperature
pipe-101,126.0,2025-05-18 22:16:45+00:00,temperature
pipe-101,128.0,2025-05-18 22:16:47+00:00,temperature
pipe-101,130.0,2025-05-18 22:16:49+00:00,temperature
pipe-101,132.0,2025-05-18 22:16:51+00:00,temperature
pipe-101,134.0,2025-05-18 22:16:53+00:00,temperature
pipe-101,136.0,2025-05-18 22:16:55+00:00,temperature
pipe-101,138.0,2025-05-18 22:16:57+00:00,temperature
pipe-101,140.0,2025-05-18 22:16:59+00:00,temperature
pipe-101,142.0,2025-05-18 22:17:01+00:00,temperature
pipe-101,144.0,2025-05-18 22:17:03+00:00,temperature
pipe-101,146.0,2025-05-18 22:17:05+00:00,temperature
pipe-101,148.0,2025-05-18 22:17:07+00:00,temperature
pipe-101,150.0,2025-05-18 22:17:09+00:00,temperature
pipe-101,152.0,2025-05-18 22:17:11+00:00,temperature
pipe-101,154.0,2025-05-18 22:17:13+00:00,temperature
pipe-101,156.0,2025-05-18 22:17:15+00:00,temperature
pipe-101,158.0,2025-05-18 22:17:17+00:00,temperature
pipe-101,160.0,2025-05-18 22:17:19+00:00,temperature
pipe-101,162.0,2025-05-18 22:17:21+00:00,temperature
pipe-101,164.0,2025-05-18 22:17:23+00:00,temperature
pipe-101,166.0,2025-05-18 22:17:25+00:00,temperature
pipe-101,168.0,2025-05-18 22:17:27+00:00,temperature
pipe-101,170.0,2025-05-18 22:17:29+00:00,temperature
pipe-101,168.0,2025-05-18 22:17:31+00:00,temperature
pipe-101,166.0,2025-05-18 22:17:33+00:00,temperature
pipe-101,164.0,2025-05-18 22:17:35+00:00,temperature
pipe-101,162.0,2025-05-18 22:17:37+00:00,temperature
pipe-101,160.0,2025-05-18 22:17:39+00:00,temperature
pipe-101,158.0,2025-05-18 22:17:41+00:00,temperature
pipe-101,156.0,2025-05-18 22:17:43+00:00,temperature
pipe-101,154.0,2025-05-18 22:17:45+00:00,temperature
pipe-101,152.0,2025-05-18 22:17:47+00:00,temperature
pipe-101,150.0,2025-05-18 22:17:49+00:00,temperature
pipe-101,148.0,2025-05-18 22:17:51+00:00,temperature
pipe-101,146.0,2025-05-18 22:17:53+00:00,temperature
pipe-101,144.0,2025-05-18 22:17:55+00:00,temperature
pipe-101,142.0,2025-05-18 22:17:57+00:00,temperature
pipe-101,140.0,2025-05-18 22:17:59+00:00,temperature
pipe-101,138.0,2025-05-18 22:18:01+00:00,temperature
pipe-101,136.0,2025-05-18 22:18:03+00:00,temperature
pipe-101,134.0,2025-05-18 22:18:05+00:00,temperature
pipe-101,132.0,2025-05-18 22:18:07+00:00,temperature
pipe-101,130.0,2025-05-18 22:18:09+00:00,temperature
pipe-101,128.0,2025-05-18 22:18:11+00:00,temperature
pipe-101,126.0,2025-05-18 22:18:13+00:00,temperature
pipe-101,124.0,2025-05-18 22:18:15+00:00,temperature
pipe-101,122.0,2025-05-18 22:18:17+00:00,temperature
pipe-101,120.0,2025-05-18 22:18:19+00:00,temperature
pipe-101,118.0,2025-05-18 22:18:21+00:00,temperature
pipe-101,116.0,2025-05-18 22:18:23+00:00,temperature
pipe-101,114.0,2025-05-18 22:18:25+00:00,temperature
pipe-101,112.0,2025-05-18 22:18:27+00:00,temperature
pipe-101,110.0,2025-05-18 22:18:29+00:00,temperature
pipe-101,108.0,2025-05-18 22:18:31+00:00,temperature
pipe-101,106.0,2025-05-18 22:18:33+00:00,temperature
pipe-101,104.0,2025-05-18 22:18:35+00:00,temperature
pipe-101,102.0,2025-05-18 22:18:37+00:00,temperature
pipe-101,100.0,2025-05-18 22:18:39+00:00,temperature
pipe-101,102.0,2025-05-18 22:18:41+00:00,temperature
pipe-101,104.0,2025-05-18 22:18:43+00:00,temperature
pipe-101,106.0,2025-05-18 22:18:45+00:00,temperature
pipe-101,108.0,2025-05-18 22:18:47+00:00,temperature
pipe-101,110.0,2025-05-18 22:18:49+00:00,temperature
pipe-101,112.0,2025-05-18 22:18:51+00:00,temperature
pipe-101,114.0,2025-05-18 22:18:53+00:00,temperature
pipe-101,116.0,2025-05-18 22:18:55+00:00,temperature
pipe-101,118.0,2025-05-18 22:18:57+00:00,temperature
pipe-101,120.0,2025-05-18 22:18:59+00:00,temperature
pipe-101,122.0,2025-05-18 22:19:01+00:00,temperature
pipe-101,124.0,2025-05-18 22:19:03+00:00,temperature
pipe-101,126.0,2025-05-18 22:19:05+00:00,temperature
pipe-101,128.0,2025-05-18 22:19:07+00:00,temperature
pipe-101,130.0,2025-05-18 22:19:09+00:00,temperature
pipe-101,132.0,2025-05-18 22:19:11+00:00,temperature
pipe-101,134.0,2025-05-18 22:19:13+00:00,temperature
pipe-101,136.0,2025-05-18 22:19:15+00:00,temperature
pipe-101,138.0,2025-05-18 22:19:17+00:00,temperature
pipe-101,140.0,2025-05-18 22:19:19+00:00,temperature
pipe-101,142.0,2025-05-18 22:19:21+00:00,temperature
pipe-101,144.0,2025-05-18 22:19:23+00:00,temperature
pipe-101,146.0,2025-05-18 22:19:25+00:00,temperature
pipe-101,148.0,2025-05-18 22:19:27+00:00,temperature
pipe-101,150.0,2025-05-18 22:19:29+00:00,temperature
pipe-101,152.0,2025-05-18 22:19:31+00:00,temperature
pipe-101,154.0,2025-05-18 22:19:33+00:00,temperature
pipe-101,156.0,2025-05-18 22:19:35+00:00,temperature
pipe-101,158.0,2025-05-18 22:19:37+00:00,temperature
pipe-101,160.0,2025-05-18 22:19:39+00:00,temperature
pipe-101,162.0,2025-05-18 22:19:41+00:00,temperature
pipe-101,164.0,2025-05-18 22:19:43+00:00,temperature
pipe-101,166.0,2025-05-18 22:19:45+00:00,temperature
pipe-101,168.0,2025-05-18 22:19:47+00:00,temperature
pipe-101,170.0,2025-05-18 22:19:49+00:00,temperature
pipe-101,168.0,2025-05-18 22:19:51+00:00,temperature
pipe-101,166.0,2025-05-18 22:19:53+00:00,temperature
pipe-101,164.0,2025-05-18 22:19:55+00:00,temperature
pipe-101,162.0,2025-05-18 22:19:58+00:00,temperature
pipe-101,160.0,2025-05-18 22:20:00+00:00,temperature
pipe-101,158.0,2025-05-18 22:20:02+00:00,temperature
pipe-101,156.0,2025-05-18 22:20:04+00:00,temperature
pipe-101,154.0,2025-05-18 22:20:06+00:00,temperature
pipe-101,152.0,2025-05-18 22:20:08+00:00,temperature
pipe-101,150.0,2025-05-18 22:20:10+00:00,temperature
pipe-101,148.0,2025-05-18 22:20:12+00:00,temperature
pipe-101,146.0,2025-05-18 22:20:14+00:00,temperature
pipe-101,144.0,2025-05-18 22:20:16+00:00,temperature
pipe-101,142.0,2025-05-18 22:20:18+00:00,temperature
pipe-101,140.0,2025-05-18 22:20:20+00:00,temperature
pipe-101,138.0,2025-05-18 22:20:22+00:00,temperature
pipe-101,136.0,2025-05-18 22:20:24+00:00,temperature
pipe-101,134.0,2025-05-18 22:20:26+00:00,temperature
pipe-101,132.0,2025-05-18 22:20:28+00:00,temperature
pipe-101,130.0,2025-05-18 22:20:30+00:00,temperature
pipe-101,128.0,2025-05-18 22:20:32+00:00,temperature
pipe-101,126.0,2025-05-18 22:20:34+00:00,temperature
pipe-101,124.0,2025-05-18 22:20:36+00:00,temperature
pipe-101,122.0,2025-05-18 22:20:38+00:00,temperature
pipe-101,120.0,2025-05-18 22:20:40+00:00,temperature
pipe-101,118.0,2025-05-18 22:20:42+00:00,temperature
pipe-101,116.0,2025-05-18 22:20:44+00:00,temperature
pipe-101,114.0,2025-05-18 22:20:46+00:00,temperature
pipe-101,112.0,2025-05-18 22:20:48+00:00,temperature
pipe-101,110.0,2025-05-18 22:20:50+00:00,temperature
pipe-101,108.0,2025-05-18 22:20:52+00:00,temperature
pipe-101,106.0,2025-05-18 22:20:54+00:00,temperature
pipe-101,104.0,2025-05-18 22:20:56+00:00,temperature
pipe-101,102.0,2025-05-18 22:20:58+00:00,temperature
pipe-101,100.0,2025-05-18 22:21:00+00:00,temperature
pipe-101,102.0,2025-05-18 22:21:02+00:00,temperature
pipe-101,104.0,2025-05-18 22:21:04+00:00,temperature
pipe-101,106.0,2025-05-18 22:21:06+00:00,temperature
pipe-101,108.0,2025-05-18 22:21:08+00:00,temperature
pipe-101,110.0,2025-05-18 22:21:10+00:00,temperature
pipe-101,112.0,2025-05-18 22:21:12+00:00,temperature
pipe-101,114.0,2025-05-18 22:21:14+00:00,temperature
pipe-101,116.0,2025-05-18 22:21:16+00:00,temperature
pipe-101,118.0,2025-05-18 22:21:18+00:00,temperature
pipe-101,120.0,2025-05-18 22:21:20+00:00,temperature
pipe-101,122.0,2025-05-18 22:21:22+00:00,temperature
pipe-101,124.0,2025-05-18 22:21:24+00:00,temperature
pipe-101,126.0,2025-05-18 22:21:26+00:00,temperature
pipe-101,128.0,2025-05-18 22:21:28+00:00,temperature
pipe-101,130.0,2025-05-18 22:21:30+00:00,temperature
pipe-101,132.0,2025-05-18 22:21:32+00:00,temperature
pipe-101,134.0,2025-05-18 22:21:34+00:00,temperature
pipe-101,136.0,2025-05-18 22:21:36+00:00,temperature
pipe-101,138.0,2025-05-18 22:21:38+00:00,temperature
pipe-101,140.0,2025-05-18 22:21:40+00:00,temperature
pipe-101,142.0,2025-05-18 22:21:42+00:00,temperature
pipe-101,144.0,2025-05-18 22:21:44+00:00,temperature
pipe-101,146.0,2025-05-18 22:21:46+00:00,temperature
pipe-101,148.0,2025-05-18 22:21:48+00:00,temperature
pipe-101,150.0,2025-05-18 22:21:50+00:00,temperature
pipe-101,152.0,2025-05-18 22:21:52+00:00,temperature
pipe-101,154.0,2025-05-18 22:21:54+00:00,temperature
pipe-101,156.0,2025-05-18 22:21:56+00:00,temperature
pipe-101,158.0,2025-05-18 22:21:58+00:00,temperature
pipe-101,160.0,2025-05-18 22:22:00+00:00,temperature
pipe-101,162.0,2025-05-18 22:22:02+00:00,temperature
pipe-101,164.0,2025-05-18 22:22:04+00:00,temperature
pipe-101,166.0,2025-05-18 22:22:06+00:00,temperature
pipe-101,168.0,2025-05-18 22:22:08+00:00,temperature
pipe-101,170.0,2025-05-18 22:22:10+00:00,temperature
pipe-101,168.0,2025-05-18 22:22:12+00:00,temperature
pipe-101,166.0,2025-05-18 22:22:14+00:00,temperature
pipe-101,164.0,2025-05-18 22:22:16+00:00,temperature
pipe-101,162.0,2025-05-18 22:22:18+00:00,temperature
pipe-101,160.0,2025-05-18 22:22:20+00:00,temperature
pipe-101,158.0,2025-05-18 22:22:22+00:00,temperature
pipe-101,156.0,2025-05-18 22:22:24+00:00,temperature
pipe-101,154.0,2025-05-18 22:22:26+00:00,temperature
pipe-101,152.0,2025-05-18 22:22:28+00:00,temperature
pipe-101,150.0,2025-05-18 22:22:30+00:00,temperature
pipe-101,148.0,2025-05-18 22:22:32+00:00,temperature
pipe-101,146.0,2025-05-18 22:22:34+00:00,temperature
pipe-101,144.0,2025-05-18 22:22:36+00:00,temperature
pipe-101,142.0,2025-05-18 22:22:38+00:00,temperature
pipe-101,140.0,2025-05-18 22:22:40+00:00,temperature
pipe-101,138.0,2025-05-18 22:22:42+00:00,temperature
pipe-101,136.0,2025-05-18 22:22:44+00:00,temperature
pipe-101,134.0,2025-05-18 22:22:46+00:00,temperature
pipe-101,132.0,2025-05-18 22:22:48+00:00,temperature
pipe-101,130.0,2025-05-18 22:22:50+00:00,temperature
pipe-101,128.0,2025-05-18 22:22:52+00:00,temperature
pipe-101,126.0,2025-05-18 22:22:54+00:00,temperature
pipe-101,124.0,2025-05-18 22:22:56+00:00,temperature
pipe-101,122.0,2025-05-18 22:22:58+00:00,temperature
pipe-101,120.0,2025-05-18 22:23:00+00:00,temperature
pipe-101,118.0,2025-05-18 22:23:02+00:00,temperature
pipe-101,116.0,2025-05-18 22:23:04+00:00,temperature
pipe-101,114.0,2025-05-18 22:23:06+00:00,temperature
pipe-101,112.0,2025-05-18 22:23:08+00:00,temperature
pipe-101,110.0,2025-05-18 22:23:10+00:00,temperature
pipe-101,108.0,2025-05-18 22:23:12+00:00,temperature
pipe-101,106.0,2025-05-18 22:23:14+00:00,temperature
pipe-101,104.0,2025-05-18 22:23:16+00:00,temperature
pipe-101,102.0,2025-05-18 22:23:18+00:00,temperature
pipe-101,100.0,2025-05-18 22:23:20+00:00,temperature
pipe-101,102.0,2025-05-18 22:23:22+00:00,temperature
pipe-101,104.0,2025-05-18 22:23:24+00:00,temperature
pipe-101,106.0,2025-05-18 22:23:26+00:00,temperature
pipe-101,108.0,2025-05-18 22:23:28+00:00,temperature
pipe-101,110.0,2025-05-18 22:23:30+00:00,temperature
pipe-101,112.0,2025-05-18 22:23:32+00:00,temperature
pipe-101,114.0,2025-05-18 22:23:34+00:00,temperature
pipe-101,116.0,2025-05-18 22:23:36+00:00,temperature
pipe-101,118.0,2025-05-18 22:23:38+00:00,temperature
pipe-101,120.0,2025-05-18 22:23:40+00:00,temperature
pipe-101,122.0,2025-05-18 22:23:42+00:00,temperature
pipe-101,124.0,2025-05-18 22:23:44+00:00,temperature
pipe-101,126.0,2025-05-18 22:23:46+00:00,temperature
pipe-101,128.0,2025-05-18 22:23:48+00:00,temperature
pipe-101,130.0,2025-05-18 22:23:50+00:00,temperature
pipe-101,132.0,2025-05-18 22:23:52+00:00,temperature
pipe-101,134.0,2025-05-18 22:23:54+00:00,temperature
pipe-101,136.0,2025-05-18 22:23:56+00:00,temperature
pipe-101,138.0,2025-05-18 22:23:58+00:00,temperature
pipe-101,140.0,2025-05-18 22:24:00+00:00,temperature
pipe-101,142.0,2025-05-18 22:24:02+00:00,temperature
pipe-101,144.0,2025-05-18 22:24:04+00:00,temperature
pipe-101,146.0,2025-05-18 22:24:06+00:00,temperature
pipe-101,148.0,2025-05-18 22:24:08+00:00,temperature
pipe-101,150.0,2025-05-18 22:24:10+00:00,temperature
pipe-101,152.0,2025-05-18 22:24:12+00:00,temperature
pipe-101,154.0,2025-05-18 22:24:14+00:00,temperature
pipe-101,156.0,2025-05-18 22:24:16+00:00,temperature
pipe-101,158.0,2025-05-18 22:24:18+00:00,temperature
pipe-101,160.0,2025-05-18 22:24:20+00:00,temperature
pipe-101,162.0,2025-05-18 22:24:22+00:00,temperature
pipe-101,164.0,2025-05-18 22:24:24+00:00,temperature
pipe-101,166.0,2025-05-18 22:24:26+00:00,temperature
pipe-101,168.0,2025-05-18 22:24:28+00:00,temperature
pipe-101,170.0,2025-05-18 22:24:30+00:00,temperature
pipe-101,168.0,2025-05-18 22:24:32+00:00,temperature
pipe-101,166.0,2025-05-18 22:24:34+00:00,temperature
pipe-101,164.0,2025-05-18 22:24:36+00:00,temperature
pipe-101,162.0,2025-05-18 22:24:38+00:00,temperature
pipe-101,160.0,2025-05-18 22:24:40+00:00,temperature
pipe-101,158.0,2025-05-18 22:24:42+00:00,temperature
pipe-101,156.0,2025-05-18 22:24:44+00:00,temperature
pipe-101,154.0,2025-05-18 22:24:46+00:00,temperature
pipe-101,152.0,2025-05-18 22:24:49+00:00,temperature
pipe-101,150.0,2025-05-18 22:24:51+00:00,temperature
pipe-101,148.0,2025-05-18 22:24:53+00:00,temperature
pipe-101,146.0,2025-05-18 22:24:55+00:00,temperature
pipe-101,144.0,2025-05-18 22:24:57+00:00,temperature
pipe-101,142.0,2025-05-18 22:24:59+00:00,temperature
pipe-101,140.0,2025-05-18 22:25:01+00:00,temperature
